{
  "project_info": {
    "project_number": "776458921177",
    "firebase_url": "https://ebazaar-e3f97.firebaseio.com",
    "project_id": "ebazaar-e3f97",
    "storage_bucket": "ebazaar-e3f97.appspot.com"
  },
  "client": [
    {
      "client_info": {
        "mobilesdk_app_id": "1:776458921177:android:9c4ce8947eb674707b0ac8",
        "android_client_info": {
          "package_name": "com.example.ebazaar"
        }
      },
      "oauth_client": [
        {
          "client_id": "776458921177-eqbajbusq42umkqb39sd33k46ji8sp66.apps.googleusercontent.com",
          "client_type": 3
        }
      ],
      "api_key": [
        {
          "current_key": "AIzaSyDZ0QRLXbHSeVpO0nr9SY-i61TCPISrUGo"
        }
      ],
      "services": {
        "appinvite_service": {
          "other_platform_oauth_client": [
            {
              "client_id": "776458921177-eqbajbusq42umkqb39sd33k46ji8sp66.apps.googleusercontent.com",
              "client_type": 3
            }
          ]
        }
      }
    }
  ],
  "configuration_version": "1"
}